Workbook

Sheet Charts
A1: SEP-1 sepsis bundle results
A2: Tables and charts are linked to the Compliance Summary tab and update automatically.
A4: Compliance by bundle element
A5: Bundle element | B5: Cases | C5: On time | D5: Compliance %
A6: ='Compliance Summary'!A5 -> Initial lactate (3 hr) | B6: ='Compliance Summary'!B5 -> 137 | C6: ='Compliance Summary'!C5 -> 126 | D6: ='Compliance Summary'!G5 -> 0.91970803
A7: ='Compliance Summary'!A6 -> Cultures before antibiotics | B7: ='Compliance Summary'!B6 -> 137 | C7: ='Compliance Summary'!C6 -> 128 | D7: ='Compliance Summary'!G6 -> 0.93430657
A8: ='Compliance Summary'!A7 -> Antibiotics (3 hr) | B8: ='Compliance Summary'!B7 -> 137 | C8: ='Compliance Summary'!C7 -> 112 | D8: ='Compliance Summary'!G7 -> 0.81751825
A9: ='Compliance Summary'!A8 -> Fluids 30 mL/kg (3 hr) | B9: ='Compliance Summary'!B8 -> 74 | C9: ='Compliance Summary'!C8 -> 63 | D9: ='Compliance Summary'!G8 -> 0.85135135
A10: ='Compliance Summary'!A9 -> Repeat lactate (6 hr) | B10: ='Compliance Summary'!B9 -> 79 | C10: ='Compliance Summary'!C9 -> 57 | D10: ='Compliance Summary'!G9 -> 0.72151899
A11: Overall (every element on time) | B11: ='Compliance Summary'!B11 -> 137 | C11: ='Compliance Summary'!C11 -> 79 | D11: ='Compliance Summary'!G11 -> 0.57664234
A31: Why bundle elements failed
A32: Bundle element | B32: Late | C32: Missed | D32: After antibiotics
A33: ='Compliance Summary'!A5 -> Initial lactate (3 hr) | B33: ='Compliance Summary'!D5 -> 10 | C33: ='Compliance Summary'!E5 -> 1 | D33: ='Compliance Summary'!F5 -> 0
A34: ='Compliance Summary'!A6 -> Cultures before antibiotics | B34: ='Compliance Summary'!D6 -> 0 | C34: ='Compliance Summary'!E6 -> 4 | D34: ='Compliance Summary'!F6 -> 5
A35: ='Compliance Summary'!A7 -> Antibiotics (3 hr) | B35: ='Compliance Summary'!D7 -> 23 | C35: ='Compliance Summary'!E7 -> 2 | D35: ='Compliance Summary'!F7 -> 0
A36: ='Compliance Summary'!A8 -> Fluids 30 mL/kg (3 hr) | B36: ='Compliance Summary'!D8 -> 7 | C36: ='Compliance Summary'!E8 -> 4 | D36: ='Compliance Summary'!F8 -> 0
A37: ='Compliance Summary'!A9 -> Repeat lactate (6 hr) | B37: ='Compliance Summary'!D9 -> 10 | C37: ='Compliance Summary'!E9 -> 12 | D37: ='Compliance Summary'!F9 -> 0

Sheet Compliance Summary
A1: SEP-1 bundle compliance by element
A2: Every number here is a formula that counts rows on the Bundle Data tab.
A4: Bundle element | B4: Cases it applied to | C4: On time | D4: Late | E4: Missed | F4: After antibiotics | G4: Compliance %
A5: Initial lactate (3 hr) | B5: =COUNTA('Bundle Data'!$C$5:$C$141)-COUNTIF('Bundle Data'!$C$5:$C$141,"N/A") -> 137 | C5: =COUNTIF('Bundle Data'!$C$5:$C$141,"On time") -> 126 | D5: =COUNTIF('Bundle Data'!$C$5:$C$141,"Late") -> 10 | E5: =COUNTIF('Bundle Data'!$C$5:$C$141,"Missed") -> 1 | F5: =COUNTIF('Bundle Data'!$C$5:$C$141,"After antibiotics") -> 0 | G5: =IFERROR(C5/B5,0) -> 0.91970803
A6: Cultures before antibiotics | B6: =COUNTA('Bundle Data'!$D$5:$D$141)-COUNTIF('Bundle Data'!$D$5:$D$141,"N/A") -> 137 | C6: =COUNTIF('Bundle Data'!$D$5:$D$141,"On time") -> 128 | D6: =COUNTIF('Bundle Data'!$D$5:$D$141,"Late") -> 0 | E6: =COUNTIF('Bundle Data'!$D$5:$D$141,"Missed") -> 4 | F6: =COUNTIF('Bundle Data'!$D$5:$D$141,"After antibiotics") -> 5 | G6: =IFERROR(C6/B6,0) -> 0.93430657
A7: Antibiotics (3 hr) | B7: =COUNTA('Bundle Data'!$E$5:$E$141)-COUNTIF('Bundle Data'!$E$5:$E$141,"N/A") -> 137 | C7: =COUNTIF('Bundle Data'!$E$5:$E$141,"On time") -> 112 | D7: =COUNTIF('Bundle Data'!$E$5:$E$141,"Late") -> 23 | E7: =COUNTIF('Bundle Data'!$E$5:$E$141,"Missed") -> 2 | F7: =COUNTIF('Bundle Data'!$E$5:$E$141,"After antibiotics") -> 0 | G7: =IFERROR(C7/B7,0) -> 0.81751825
A8: Fluids 30 mL/kg (3 hr) | B8: =COUNTA('Bundle Data'!$F$5:$F$141)-COUNTIF('Bundle Data'!$F$5:$F$141,"N/A") -> 74 | C8: =COUNTIF('Bundle Data'!$F$5:$F$141,"On time") -> 63 | D8: =COUNTIF('Bundle Data'!$F$5:$F$141,"Late") -> 7 | E8: =COUNTIF('Bundle Data'!$F$5:$F$141,"Missed") -> 4 | F8: =COUNTIF('Bundle Data'!$F$5:$F$141,"After antibiotics") -> 0 | G8: =IFERROR(C8/B8,0) -> 0.85135135
A9: Repeat lactate (6 hr) | B9: =COUNTA('Bundle Data'!$G$5:$G$141)-COUNTIF('Bundle Data'!$G$5:$G$141,"N/A") -> 79 | C9: =COUNTIF('Bundle Data'!$G$5:$G$141,"On time") -> 57 | D9: =COUNTIF('Bundle Data'!$G$5:$G$141,"Late") -> 10 | E9: =COUNTIF('Bundle Data'!$G$5:$G$141,"Missed") -> 12 | F9: =COUNTIF('Bundle Data'!$G$5:$G$141,"After antibiotics") -> 0 | G9: =IFERROR(C9/B9,0) -> 0.72151899
A11: Overall (every element on time) | B11: =COUNTA('Bundle Data'!$H$5:$H$141) -> 137 | C11: =COUNTIF('Bundle Data'!$H$5:$H$141,"Yes") -> 79 | G11: =IFERROR(C11/B11,0) -> 0.57664234

Sheet Bundle Data
A1: Severe sepsis encounters: result for each SEP-1 bundle element
A2: Synthetic data from generate_sepsis_data.py. N/A = element did not apply to this patient.
A4: Encounter | B4: Unit | C4: Initial lactate (3 hr) | D4: Cultures before antibiotics | E4: Antibiotics (3 hr) | F4: Fluids 30 mL/kg (3 hr) | G4: Repeat lactate (6 hr) | H4: All on time?
A5: 1002 | B5: Med/Surg A | C5: On time | D5: On time | E5: On time | F5: On time | G5: N/A | H5: =IF(COUNTIF(C5:G5,"On time")+COUNTIF(C5:G5,"N/A")=5,"Yes","No") -> Yes
A6: 1004 | B6: Telemetry | C6: On time | D6: On time | E6: Late | F6: N/A | G6: Missed | H6: =IF(COUNTIF(C6:G6,"On time")+COUNTIF(C6:G6,"N/A")=5,"Yes","No") -> No
A7: 1006 | B7: Med/Surg A | C7: On time | D7: On time | E7: On time | F7: On time | G7: On time | H7: =IF(COUNTIF(C7:G7,"On time")+COUNTIF(C7:G7,"N/A")=5,"Yes","No") -> Yes
A8: 1008 | B8: Step-Down | C8: On time | D8: On time | E8: On time | F8: N/A | G8: N/A | H8: =IF(COUNTIF(C8:G8,"On time")+COUNTIF(C8:G8,"N/A")=5,"Yes","No") -> Yes
A9: 1009 | B9: Step-Down | C9: Missed | D9: On time | E9: On time | F9: On time | G9: On time | H9: =IF(COUNTIF(C9:G9,"On time")+COUNTIF(C9:G9,"N/A")=5,"Yes","No") -> No
A10: 1013 | B10: Med/Surg A | C10: On time | D10: On time | E10: Late | F10: On time | G10: On time | H10: =IF(COUNTIF(C10:G10,"On time")+COUNTIF(C10:G10,"N/A")=5,"Yes","No") -> No
A11: 1015 | B11: Telemetry | C11: On time | D11: On time | E11: On time | F11: N/A | G11: On time | H11: =IF(COUNTIF(C11:G11,"On time")+COUNTIF(C11:G11,"N/A")=5,"Yes","No") -> Yes
A12: 1017 | B12: Telemetry | C12: On time | D12: On time | E12: On time | F12: N/A | G12: N/A | H12: =IF(COUNTIF(C12:G12,"On time")+COUNTIF(C12:G12,"N/A")=5,"Yes","No") -> Yes
A13: 1020 | B13: Telemetry | C13: On time | D13: Missed | E13: Late | F13: On time | G13: N/A | H13: =IF(COUNTIF(C13:G13,"On time")+COUNTIF(C13:G13,"N/A")=5,"Yes","No") -> No
A14: 1027 | B14: Step-Down | C14: On time | D14: On time | E14: On time | F14: N/A | G14: N/A | H14: =IF(COUNTIF(C14:G14,"On time")+COUNTIF(C14:G14,"N/A")=5,"Yes","No") -> Yes
A15: 1028 | B15: Step-Down | C15: On time | D15: On time | E15: On time | F15: N/A | G15: N/A | H15: =IF(COUNTIF(C15:G15,"On time")+COUNTIF(C15:G15,"N/A")=5,"Yes","No") -> Yes
A16: 1031 | B16: Step-Down | C16: On time | D16: On time | E16: On time | F16: On time | G16: N/A | H16: =IF(COUNTIF(C16:G16,"On time")+COUNTIF(C16:G16,"N/A")=5,"Yes","No") -> Yes
... A141: 1300 | B141: Step-Down | C141: On time | D141: On time | E141: On time | F141: N/A | G141: N/A | H141: =IF(COUNTIF(C141:G141,"On time")+COUNTIF(C141:G141,"N/A")=5,"Yes","No") -> Yes

Sheet By Unit
A1: Overall bundle compliance by unit
A2: Units were assigned at random in the synthetic data, so differences reflect small-sample variation.
A4: Unit | B4: Severe sepsis cases | C4: All elements on time | D4: Compliance %
A5: Med/Surg A | B5: =COUNTIF('Bundle Data'!$B$5:$B$141,A5) -> 30 | C5: =COUNTIFS('Bundle Data'!$B$5:$B$141,A5,'Bundle Data'!$H$5:$H$141,"Yes") -> 17 | D5: =IFERROR(C5/B5,0) -> 0.56666667
A6: Med/Surg B | B6: =COUNTIF('Bundle Data'!$B$5:$B$141,A6) -> 31 | C6: =COUNTIFS('Bundle Data'!$B$5:$B$141,A6,'Bundle Data'!$H$5:$H$141,"Yes") -> 17 | D6: =IFERROR(C6/B6,0) -> 0.5483871
A7: Step-Down | B7: =COUNTIF('Bundle Data'!$B$5:$B$141,A7) -> 47 | C7: =COUNTIFS('Bundle Data'!$B$5:$B$141,A7,'Bundle Data'!$H$5:$H$141,"Yes") -> 29 | D7: =IFERROR(C7/B7,0) -> 0.61702128
A8: Telemetry | B8: =COUNTIF('Bundle Data'!$B$5:$B$141,A8) -> 29 | C8: =COUNTIFS('Bundle Data'!$B$5:$B$141,A8,'Bundle Data'!$H$5:$H$141,"Yes") -> 16 | D8: =IFERROR(C8/B8,0) -> 0.55172414

Sheet Documentation Gaps
A1: Sepsis documentation gaps
A2: Flagged encounters are for CDI review, not automatic code changes.
A4: Review type | B4: Gap | C4: Encounters
A5: Query opportunity | B5: Severe sepsis criteria met, coded as sepsis only | C5: =COUNTIF($C$15:$C$72,B5) -> 27
A6: Query opportunity | B6: Severe sepsis criteria met, no sepsis code | C6: =COUNTIF($C$15:$C$72,B6) -> 11
A7: Query opportunity | B7: Sepsis criteria met, no sepsis code | C7: =COUNTIF($C$15:$C$72,B7) -> 8
A8: Clinical validation | B8: Severe sepsis coded, criteria not met | C8: =COUNTIF($C$15:$C$72,B8) -> 3
A9: Clinical validation | B9: Sepsis coded, criteria not met | C9: =COUNTIF($C$15:$C$72,B9) -> 9
B10: Total flagged | C10: =SUM(C5:C9) -> 58
A13: Flagged encounters
A14: Encounter | B14: Review type | C14: Gap | D14: Codes on chart
A15: 1001 | B15: Clinical validation | C15: Severe sepsis coded, criteria not met | D15: N39.0, A41.9, R65.20
A16: 1008 | B16: Query opportunity | C16: Severe sepsis criteria met, coded as sepsis only | D16: J18.9, A41.9
A17: 1009 | B17: Query opportunity | C17: Severe sepsis criteria met, no sepsis code | D17: J18.9
A18: 1013 | B18: Query opportunity | C18: Severe sepsis criteria met, no sepsis code | D18: J18.9
A19: 1014 | B19: Clinical validation | C19: Sepsis coded, criteria not met | D19: A41.9
A20: 1028 | B20: Query opportunity | C20: Severe sepsis criteria met, coded as sepsis only | D20: J18.9, A41.9
A21: 1037 | B21: Clinical validation | C21: Sepsis coded, criteria not met | D21: A41.9
A22: 1042 | B22: Query opportunity | C22: Severe sepsis criteria met, coded as sepsis only | D22: J18.9, A41.9
A23: 1044 | B23: Clinical validation | C23: Sepsis coded, criteria not met | D23: A41.9
A24: 1048 | B24: Query opportunity | C24: Severe sepsis criteria met, coded as sepsis only | D24: N39.0, A41.9
A25: 1056 | B25: Query opportunity | C25: Severe sepsis criteria met, coded as sepsis only | D25: J18.9, A41.9
A26: 1068 | B26: Query opportunity | C26: Sepsis criteria met, no sepsis code | D26: L03.90
... A72: 1292 | B72: Query opportunity | C72: Severe sepsis criteria met, coded as sepsis only | D72: N39.0, A41.9
